<?xml version="1.0" encoding="UTF-8" standalone="yes"?>
<addon id="repository.ragnarokwizard" name="[COLOR crimson][B]Ragnarok[/B][/COLOR]Wizard Repository" version="2.0" provider-name="RagnarLothbrok">
    <extension point="xbmc.addon.repository" name="[COLOR crimson][B]Ragnarok[/B][/COLOR]Wizard Repository">
        <dir minversion="18.0.0" maxversion="18.9.9">
            <info compressed="false">https://raw.githubusercontent.com/RagnarLothbrok-Odin/repository.ragnarokwizard/master/leia/zips/addons.xml</info>
            <checksum>https://raw.githubusercontent.com/RagnarLothbrok-Odin/repository.ragnarokwizard/master/leia/zips/addons.xml.md5</checksum>
            <datadir zip="true">https://raw.githubusercontent.com/RagnarLothbrok-Odin/repository.ragnarokwizard/master/leia/zips/</datadir>
        </dir>
        <dir minversion="19.0.0">
            <info compressed="false">https://raw.githubusercontent.com/RagnarLothbrok-Odin/repository.ragnarokwizard/master/matrix/zips/addons.xml</info>
            <checksum>https://raw.githubusercontent.com/RagnarLothbrok-Odin/repository.ragnarokwizard/master/matrix/zips/addons.xml.md5</checksum>
            <datadir zip="true">https://raw.githubusercontent.com/RagnarLothbrok-Odin/repository.ragnarokwizard/master/matrix/zips/</datadir>
        </dir>
        <dir>
            <info compressed="false">https://raw.githubusercontent.com/RagnarLothbrok-Odin/repository.ragnarokwizard/master/repo/zips/addons.xml</info>
            <checksum>https://raw.githubusercontent.com/RagnarLothbrok-Odin/repository.ragnarokwizard/master/repo/zips/addons.xml.md5</checksum>
            <datadir zip="true">https://raw.githubusercontent.com/RagnarLothbrok-Odin/repository.ragnarokwizard/master/repo/zips/</datadir>
        </dir>
    </extension>
    
    <extension point="xbmc.addon.metadata">
        <summary>[COLOR crimson][B]Ragnarok[/B][/COLOR]Wizard</summary>
        <description>The official home of [COLOR crimson][B]Ragnarok[/B][/COLOR]Wizard.</description>
        <disclaimer></disclaimer>
        <platform>all</platform>
        <assets>
            <icon>icon.png</icon>
            <fanart>fanart.jpg</fanart>
        </assets>
        <source>https://www.github.com/RagnarLothbrok-Odin/repository.ragnarokwizard/</source>
    </extension>
</addon>