<?xml version="1.0" encoding="UTF-8"?>
<window type="window" id="1198">

    <!-- Set default settings -->
    <onload condition="String.IsEmpty(Skin.String(BackgroundStyle))">Skin.SetString(BackgroundStyle,Fanart)</onload>
    <onload condition="String.IsEmpty(Skin.String(ForegroundStyle))">Skin.SetString(ForegroundStyle,None)</onload>
    <onload condition="String.IsEmpty(Skin.String(DividerStyle))">Skin.SetString(DividerStyle,Fade)</onload>

    <!-- Start TMDbH service -->
    <onload condition="String.IsEmpty(Window(Home).Property(ReloadDone))">Skin.SetBool(TMDbHelper.Service)</onload>

    <!-- Build includes for textures / views / menus -->
    <include condition="String.IsEmpty(Window(Home).Property(ReloadDone))">Action_BuildTextures_Onload</include>
    <onload condition="String.IsEmpty(Window(Home).Property(ReloadDone))">RunScript(script.skinvariables,action=buildviews)</onload>
    <onload condition="String.IsEmpty(Window(Home).Property(ReloadDone))">RunScript(script.skinshortcuts,type=buildxml&amp;mainmenuID=300&amp;levels=1&amp;group=mainmenu|powermenu|searchmenu)</onload>


    <!-- Wait for window repload before replacing -->
    <onload condition="!String.IsEmpty(Window(Home).Property(ReloadDone))">AlarmClock(RepWin,ReplaceWindow($INFO[System.StartupWindow]),00:01,silent)</onload>
    <onload>SetProperty(ReloadDone,1,Home)</onload>

    <controls>
        <include content="Background_Image">
            <param name="texture" value="special://skin/fanart.jpg" />
        </include>
        <control type="group">
            <control type="label">
                <height>80</height>
                <centertop>49%</centertop>
                <aligny>center</aligny>
                <align>center</align>
                <font>font_infotitle</font>
                <textcolor>$VAR[ColorHighlight]</textcolor>
                <label>[COLOR=panel_fg_70]Arctic[/COLOR] Horizon 2</label>
            </control>
            <control type="label">
                <centertop>590</centertop>
                <height>40</height>
                <aligny>center</aligny>
                <align>center</align>
                <textcolor>panel_fg_70</textcolor>
                <label>$LOCALIZE[31145]...</label>
            </control>
            <control type="group">
                <centertop>660</centertop>
                <height>80</height>
                <include>Animation_FadeIn_Delay</include>
                <include content="Object_BusySpinner">
                    <param name="colordiffuse" value="main_fg" />
                    <param name="haslabel" value="false" />
                </include>
            </control>
        </control>

        <include>Furniture_Top_Right</include>
    </controls>
</window>