<?xml version="1.0" encoding="UTF-8"?>
<window>
    <defaultcontrol always="true">11</defaultcontrol>
    <controls>

        <include>Object_Overlay</include>
        <include content="Dialog_Background">
            <include>Animation_SlideIn_Dialog</include>
            <include>Dimension_DialogSource</include>
            <include content="Dialog_Header">
                <param name="id" value="2" />
                <visible>!$EXP[Exp_OverlayDialogs]</visible>
            </include>
            <control type="group">
                <height>row_height_x200</height>
                <include content="Dialog_Group">
                    <include content="Object_Keyboard_Button" description="Text Entry">
                        <param name="id" value="12" />
                        <param name="control" value="edit" />
                        <width>100%</width>
                        <ondown>11</ondown>
                        <textoffsetx>dialog_pad</textoffsetx>
                    </include>
                </include>
            </control>
            <control type="group">
                <top>row_height_x200</top>
                <include>Dialog_Overlay_V</include>
                <include>Object_Separator_V</include>
                <control type="group">
                    <include content="List_DialogSelect">
                        <param name="id" value="10" />
                        <param name="altfocus" value="Control.HasFocus(10) | Control.HasFocus(11) | Control.HasFocus(13) | Control.HasFocus(14) | Control.HasFocus(9001)" />
                        <param name="itemlayout_include" value="Layout_DialogBasic" />
                        <param name="misc" value="320" />
                        <onleft>13</onleft>
                        <onright>11</onright>
                        <onup>12</onup>
                        <ondown>9000</ondown>
                        <bottom>row_height_x200</bottom>
                    </include>

                    <control type="grouplist">
                        <orientation>horizontal</orientation>
                        <height>row_height</height>
                        <align>right</align>
                        <right>row_height_x50</right>
                        <itemgap>48</itemgap>
                        <onleft>14</onleft>
                        <onright>11</onright>
                        <onup condition="Integer.IsEqual(Container(10).CurrentItem,1)">12</onup>
                        <onup condition="!Integer.IsEqual(Container(10).CurrentItem,1)">Control.Move(10,-1)</onup>
                        <ondown condition="!String.IsEmpty(Container(10).ListItemNoWrap(1).Label)">Control.Move(10,1)</ondown>
                        <ondown condition="String.IsEmpty(Container(10).ListItemNoWrap(1).Label)">9000</ondown>
                        <animation effect="slide" start="0" end="0,row_height" condition="Container(10).Position(1)">Conditional</animation>
                        <animation effect="slide" start="0" end="0,row_height_x200" condition="Container(10).Position(2)">Conditional</animation>
                        <animation effect="slide" start="0" end="0,row_height_x300" condition="Container(10).Position(3)">Conditional</animation>
                        <animation effect="slide" start="0" end="0,row_height_x400" condition="Container(10).Position(4)">Conditional</animation>
                        <animation effect="slide" start="0" end="0,row_height_x500" condition="Container(10).Position(5)">Conditional</animation>
                        <animation effect="slide" start="0" end="0,row_height_x600" condition="Container(10).Position(6)">Conditional</animation>
                        <animation effect="slide" start="0" end="0,row_height_x700" condition="Container(10).Position(7)">Conditional</animation>
                        <animation effect="slide" start="0" end="0,row_height_x800" condition="Container(10).Position(8)">Conditional</animation>
                        <visible allowhiddenfocus="true">Control.HasFocus(10) | Control.HasFocus(11) | Control.HasFocus(13) | Control.HasFocus(14) | Control.HasFocus(9001)</visible>
                        <control type="button" id="14">
                            <width>32</width>
                            <height>32</height>
                            <centertop>50%</centertop>
                            <hitrect x="-24" y="-24" w="80" h="80" />
                            <texturenofocus colordiffuse="80ffffff">buttons/cross.png</texturenofocus>
                            <texturefocus colordiffuse="$VAR[ColorSelected]">buttons/cross.png</texturefocus>
                            <font />
                            <textcolor>00ffffff</textcolor>
                            <selectedcolor>00ffffff</selectedcolor>
                            <focusedcolor>00ffffff</focusedcolor>
                            <visible>Control.IsEnabled(14)</visible>
                        </control>
                        <control type="button" id="13">
                            <width>32</width>
                            <height>32</height>
                            <centertop>50%</centertop>
                            <hitrect x="-24" y="-24" w="80" h="80" />
                            <texturenofocus colordiffuse="80ffffff">buttons/plus.png</texturenofocus>
                            <texturefocus colordiffuse="$VAR[ColorSelected]">buttons/plus.png</texturefocus>
                            <font />
                            <textcolor>00ffffff</textcolor>
                            <selectedcolor>00ffffff</selectedcolor>
                            <focusedcolor>00ffffff</focusedcolor>
                            <visible>Control.IsEnabled(13)</visible>
                        </control>
                        <control type="togglebutton" id="9001">
                            <width>32</width>
                            <height>32</height>
                            <centertop>50%</centertop>
                            <hitrect x="-24" y="-24" w="80" h="80" />
                            <texturenofocus colordiffuse="80ffffff">buttons/editname.png</texturenofocus>
                            <texturefocus colordiffuse="$VAR[ColorSelected]">buttons/editname.png</texturefocus>
                            <alttexturefocus colordiffuse="$VAR[ColorSelected]">buttons/editname.png</alttexturefocus>
                            <alttexturenofocus colordiffuse="$VAR[ColorSelected]">buttons/editname.png</alttexturenofocus>
                            <font />
                            <usealttexture>Control.HasFocus(10)</usealttexture>
                            <textcolor>00ffffff</textcolor>
                            <selectedcolor>00ffffff</selectedcolor>
                            <focusedcolor>00ffffff</focusedcolor>
                            <onfocus>SetFocus(10)</onfocus>
                        </control>
                        <control type="button" id="11">
                            <width>32</width>
                            <height>32</height>
                            <centertop>50%</centertop>
                            <hitrect x="-24" y="-24" w="80" h="80" />
                            <texturenofocus colordiffuse="80ffffff">buttons/browse.png</texturenofocus>
                            <texturefocus colordiffuse="$VAR[ColorSelected]">buttons/browse.png</texturefocus>
                            <font />
                            <textcolor>00ffffff</textcolor>
                            <selectedcolor>00ffffff</selectedcolor>
                            <focusedcolor>00ffffff</focusedcolor>
                            <visible>Control.IsEnabled(11)</visible>
                        </control>
                    </control>
                </control>
            </control>

            <control type="group">
                <bottom>0</bottom>
                <height>row_height_x200</height>
                <include>Dialog_Overlay_V</include>
                <include>Object_Separator_V</include>
                <include content="Dialog_Group">
                    <control type="grouplist" id="9000">
                        <onup>11</onup>
                        <itemgap>20</itemgap>
                        <orientation>horizontal</orientation>
                        <align>center</align>
                        <control type="button" id="18" description="OK">
                            <height>row_height</height>
                            <label>$LOCALIZE[186]</label>
                            <width>dialog_button_width</width>
                        </control>
                        <control type="button" id="19" description="Cancel">
                            <height>row_height</height>
                            <label>$LOCALIZE[222]</label>
                            <width>dialog_button_width</width>
                        </control>
                    </control>
                </include>
            </control>




        </include>
    </controls>
</window>
