<?xml version="1.0" encoding="UTF-8"?>
<window>
    <defaultcontrol always="true">29</defaultcontrol>
    <controls>
        <include>Object_Overlay</include>

        <include content="Dialog_Background">
            <include>Animation_SlideIn_Dialog</include>
            <include>Dimension_Info</include>
            <include>Dialog_Overlay_Buttons</include>

            <!-- Left / Middle Group -->
            <control type="group">
                <right>dialog_button_width_padded</right>
                <!-- Left Group -->
                <control type="group">
                    <width>33.33%</width>
                    <control type="group">
                        <top>0</top>
                        <bottom>dialog_pad</bottom>
                        <include content="Dialog_Settings_Label">
                            <param name="id" value="8020" />
                            <param name="control" value="label" />
                            <description>channel options Header</description>
                            <label>$LOCALIZE[19146]: $INFO[Control.GetLabel(20)]</label>
                        </include>
                        <include content="List_DialogSelect">
                            <param name="id" value="13" />
                            <param name="itemlayout_include" value="Layout_ChannelManager" />
                            <param name="item_height" value="row_height" />
                            <param name="detailed" value="false" />
                            <param name="misc" value="String.IsEqual(Container(13).CurrentItem,ListItem.CurrentItem)" />
                            <top>row_height_x150</top>
                            <pagecontrol>61</pagecontrol>
                            <onright>61</onright>
                        </include>
                        <include content="Dialog_Scrollbar">
                            <param name="id" value="61" />
                            <top>row_height_x150</top>
                            <onleft>13</onleft>
                            <onright>11</onright>
                        </include>
                    </control>
                </control>
                <control type="group">
                    <left>33.33%</left>
                    <control type="group">
                        <right>-dialog_button_width_padded</right>
                        <include>Dialog_Overlay</include>
                        <include>Object_Separator</include>
                    </control>
                </control>
                <control type="group">
                    <left>33.33%</left>
                    <width>33.33%</width>
                    <control type="group">
                        <top>0</top>
                        <bottom>dialog_pad</bottom>
                        <include content="Dialog_Settings_Label">
                            <param name="id" value="21" />
                            <param name="control" value="label" />
                            <description>channel options Header</description>
                        </include>
                        <include content="List_DialogSelect">
                            <param name="id" value="11" />
                            <param name="itemlayout_include" value="Layout_ChannelManager" />
                            <param name="item_height" value="row_height" />
                            <param name="detailed" value="false" />
                            <top>row_height_x150</top>
                            <pagecontrol>62</pagecontrol>
                            <onright>62</onright>
                            <onleft>61</onleft>
                        </include>
                        <include content="Dialog_Scrollbar">
                            <param name="id" value="62" />
                            <top>row_height_x150</top>
                            <onleft>11</onleft>
                            <onright>12</onright>
                        </include>
                    </control>
                </control>
                <control type="group">
                    <left>66.67%</left>
                    <width>33.33%</width>
                    <control type="group">
                        <right>-dialog_button_width_padded</right>
                        <include>Dialog_Overlay</include>
                        <include>Object_Separator</include>
                    </control>
                    <control type="group">
                        <top>0</top>
                        <bottom>dialog_pad</bottom>
                        <include content="Dialog_Settings_Label">
                            <param name="id" value="22" />
                            <param name="control" value="label" />
                            <description>channel options Header</description>
                        </include>
                        <include content="List_DialogSelect">
                            <param name="id" value="12" />
                            <param name="itemlayout_include" value="Layout_ChannelManager" />
                            <param name="item_height" value="row_height" />
                            <param name="detailed" value="false" />
                            <top>row_height_x150</top>
                            <pagecontrol>63</pagecontrol>
                            <onright>63</onright>
                            <onleft>62</onleft>
                        </include>
                        <include content="Dialog_Scrollbar">
                            <param name="id" value="63" />
                            <top>row_height_x150</top>
                            <onleft>12</onleft>
                            <onright>9000</onright>
                        </include>
                    </control>
                </control>
            </control>


            <!-- Right Buttons -->
            <control type="group">
                <right>0</right>
                <width>dialog_button_width_padded</width>
                <include content="Dialog_Group">
                    <param name="control" value="grouplist" />
                    <param name="id" value="9000" />
                    <onleft>63</onleft>
                    <itemgap>20</itemgap>
                    <control type="button" id="29" description="OK">
                        <height>row_height</height>
                        <label>$LOCALIZE[186]</label>
                    </control>
                    <control type="button" id="26" description="Add Group">
                        <top>40</top>
                        <height>row_height</height>
                        <label>$LOCALIZE[31155]</label>
                    </control>
                    <control type="button" id="27" description="Rename">
                        <height>row_height</height>
                        <label>$LOCALIZE[31156]</label>
                    </control>
                    <control type="radiobutton" id="25" description="Hide">
                        <height>row_height</height>
                        <label>$LOCALIZE[19289]</label>
                    </control>
                    <control type="button" id="28" description="Delete">
                        <height>row_height</height>
                        <label>$LOCALIZE[31157]</label>
                    </control>
                    <control type="button" id="35" description="REgenerate">
                        <height>row_height</height>
                        <label>$LOCALIZE[13315]</label>
                    </control>
                    <control type="togglebutton" id="34" description="TV Radio toggle">
                        <height>row_height</height>
                        <label>$LOCALIZE[19174]</label>
                        <altlabel>$LOCALIZE[19173]</altlabel>
                        <usealttexture>!String.IsEmpty(Window.Property(IsRadio))</usealttexture>
                    </control>
                </include>
            </control>
        </include>

        <include content="Furniture_Top_Left">
            <param name="id" value="1" />
            <param name="label" value="$LOCALIZE[19048] - $VAR[Label_PVRChannelMgrHeader]$INFO[Container(13).NumItems, (,)]" />
        </include>
        <include>Furniture_Top_Right</include>

        <control type="label" id="20">
            <visible>false</visible>
            <width>1</width>
            <height>1</height>
        </control>
    </controls>
</window>
