<?xml version="1.0" encoding="UTF-8"?>
<window>
    <defaultcontrol>9</defaultcontrol>
    <controls>

        <include>Object_Overlay</include>
        <include content="Dialog_Background">
            <include>Animation_SlideIn_Dialog</include>
            <include>Dimension_DialogPVRGuideSearch</include>
            <include>Dialog_Overlay_Buttons</include>
            <include content="Dialog_Header">
                <param name="id" value="9901" />
                <label>$LOCALIZE[137]</label>
            </include>

            <!-- Left Group -->
            <control type="group">
                <right>dialog_button_width_padded</right>
                <include content="Dialog_Group">
                    <param name="control" value="group" />
                    <param name="id" value="8000" />
                    <orientation>vertical</orientation>
                    <include content="Object_Keyboard_Button" description="Text Entry">
                        <param name="id" value="9" />
                        <param name="control" value="edit" />
                        <width>100%</width>
                        <height>row_height</height>
                        <textoffsetx>dialog_pad</textoffsetx>
                        <align>left</align>
                        <onright>9000</onright>
                        <ondown>8300</ondown>
                    </include>
                    <control type="textbox" id="8001">
                        <label>$LOCALIZE[19001] $LOCALIZE[19002]</label>
                        <top>row_height</top>
                        <height>row_height</height>
                        <align>center</align>
                        <aligny>center</aligny>
                        <font>font_statusbar</font>
                    </control>
                    <control type="group" id="8300">
                        <top>row_height_x200</top>
                        <left>-dialog_pad</left>
                        <right>-dialog_pad</right>
                        <bottom>dialog_pad</bottom>
                        <!-- <include>Object_Separator_V</include> -->
                        <include content="Object_Separator">
                            <centerleft>50%</centerleft>
                        </include>

                        <control type="grouplist" id="8100">
                            <width>50%</width>
                            <orientation>vertical</orientation>
                            <height>row_height_x800</height>
                            <onup>9</onup>
                            <ondown>noop</ondown>
                            <include content="Dialog_Settings_Button">
                                <param name="control" value="radiobutton" />
                                <param name="id" value="10" />
                                <description>Include Description</description>
                                <onright>12</onright>
                                <label>$LOCALIZE[19134]</label>
                            </include>
                            <include content="Dialog_Settings_Button">
                                <param name="control" value="radiobutton" />
                                <param name="id" value="11" />
                                <description>Case Sensitive</description>
                                <onright>13</onright>
                                <label>$LOCALIZE[19135]</label>
                            </include>
                            <include content="Dialog_Settings_Button">
                                <param name="control" value="edit" />
                                <param name="id" value="14" />
                                <description>Start Date</description>
                                <onright>16</onright>
                                <label>$LOCALIZE[19128]</label>
                            </include>
                            <include content="Dialog_Settings_Button">
                                <param name="control" value="edit" />
                                <param name="id" value="15" />
                                <description>Stop Date</description>
                                <onright>17</onright>
                                <label>$LOCALIZE[19129]</label>
                            </include>
                            <include content="Dialog_Settings_Button">
                                <param name="control" value="spincontrolex" />
                                <param name="id" value="18" />
                                <description>Genre</description>
                                <onright>19</onright>
                                <label>$LOCALIZE[515]</label>
                            </include>
                            <include content="Dialog_Settings_Button">
                                <param name="control" value="radiobutton" />
                                <param name="id" value="20" />
                                <description>Include unknown Genres</description>
                                <onright>21</onright>
                                <label>$LOCALIZE[19132]</label>
                            </include>
                            <include content="Dialog_Settings_Button">
                                <param name="control" value="radiobutton" />
                                <param name="id" value="22" />
                                <description>FTA only</description>
                                <onright>23</onright>
                                <label>$LOCALIZE[19123]</label>
                            </include>
                            <include content="Dialog_Settings_Button">
                                <param name="control" value="radiobutton" />
                                <param name="id" value="24" />
                                <description>Ignore Timers</description>
                                <onright>27</onright>
                                <label>$LOCALIZE[19124]</label>
                            </include>
                        </control>
                        <control type="grouplist" id="8200">
                            <width>50%</width>
                            <orientation>vertical</orientation>
                            <height>row_height_x800</height>
                            <right>0</right>
                            <onright>9000</onright>
                            <onup>9</onup>
                            <ondown>noop</ondown>
                            <include content="Dialog_Settings_Button">
                                <param name="control" value="spincontrolex" />
                                <param name="id" value="12" />
                                <description>Min Duration</description>
                                <onleft>10</onleft>
                                <label>$LOCALIZE[19130]</label>
                            </include>
                            <include content="Dialog_Settings_Button">
                                <param name="control" value="spincontrolex" />
                                <param name="id" value="13" />
                                <description>Max Duration</description>
                                <onleft>11</onleft>
                                <label>$LOCALIZE[19131]</label>
                            </include>
                            <include content="Dialog_Settings_Button">
                                <param name="control" value="edit" />
                                <param name="id" value="16" />
                                <description>Start time</description>
                                <onleft>14</onleft>
                                <label>$LOCALIZE[19126]</label>
                            </include>
                            <include content="Dialog_Settings_Button">
                                <param name="control" value="edit" />
                                <param name="id" value="17" />
                                <description>Stop time</description>
                                <onleft>15</onleft>
                                <label>$LOCALIZE[19127]</label>
                            </include>
                            <include content="Dialog_Settings_Button">
                                <param name="control" value="radiobutton" />
                                <param name="id" value="19" />
                                <description>avoid repeats</description>
                                <onleft>18</onleft>
                                <label>$LOCALIZE[19121]</label>
                            </include>
                            <include content="Dialog_Settings_Button">
                                <param name="control" value="spincontrolex" />
                                <param name="id" value="21" />
                                <description>Groups</description>
                                <onleft>20</onleft>
                                <label>$LOCALIZE[19141]</label>
                            </include>
                            <include content="Dialog_Settings_Button">
                                <param name="control" value="spincontrolex" />
                                <param name="id" value="23" />
                                <description>Channels</description>
                                <onleft>22</onleft>
                                <label>$LOCALIZE[19148]</label>
                            </include>
                            <include content="Dialog_Settings_Button">
                                <param name="control" value="radiobutton" />
                                <param name="id" value="27" />
                                <description>Ignore Recordings</description>
                                <onleft>24</onleft>
                                <label>$LOCALIZE[19125]</label>
                            </include>
                        </control>
                    </control>
                </include>
            </control>


            <!-- Right Buttons -->
            <control type="group">
                <right>0</right>
                <width>dialog_button_width_padded</width>
                <include content="Dialog_Group">
                    <param name="control" value="grouplist" />
                    <param name="id" value="9000" />
                    <onleft>8000</onleft>
                    <itemgap>20</itemgap>
                    <control type="button" id="26" description="Search">
                        <height>row_height</height>
                        <label>$LOCALIZE[137]</label>
                    </control>
                    <control type="button" id="28" description="Defaults">
                        <height>row_height</height>
                        <label>$LOCALIZE[13007]</label>
                    </control>
                    <control type="button" id="25" description="Cancel">
                        <height>row_height</height>
                        <label>$LOCALIZE[222]</label>
                    </control>
                </include>
            </control>
        </include>
    </controls>
</window>
