<?xml version="1.0" encoding="UTF-8"?>
<window id="2600">
    <defaultcontrol always="true">7000</defaultcontrol>
    <menucontrol>9000</menucontrol>
    <onload>SetProperty(TMDbHelper.WidgetContainer,7000,Home)</onload>
    <onload>SetProperty(TMDbHelper.Blur.SourceImage,PicturePath,Home)</onload>
    <onunload>ClearProperty(TMDbHelper.Blur.SourceImage,Home)</onunload>
    <controls>

        <include>Background_Main</include>
        <!-- <include>Object_Overlay</include> -->

        <include content="Weather">
            <include>Animation_Up_Delay</include>
        </include>

        <include>Furniture_Top_Left</include>

        <control type="group">
            <visible>Weather.IsFetched</visible>
            <include>Furniture_Top_Right</include>
        </control>

        <control type="group">
            <visible>!Weather.IsFetched</visible>
            <include>Furniture_Busy</include>
        </control>

        <control type="button" id="7000">
            <texturefocus />
            <texturenofocus />
            <font />
            <onclick>Weather.LocationNext</onclick>
            <onup>SetFocus(9000)</onup>
            <ondown>SetFocus(5000)</ondown>
            <onright>SetFocus(9000)</onright>
            <onleft>SetFocus(9000)</onleft>
        </control>

        <include content="Object_Options_Menu">
            <param name="grouplist_items" value="Items_Weather_Settings" />
            <param name="onback" value="7000" />
        </include>

        <include content="Object_Overlay">
            <visible>Control.HasFocus(5000)</visible>
            <include>Animation_FadeIn</include>
            <include>Animation_FadeOut</include>
        </include>
        <include content="Dialog_Info_Screenshots">
            <param name="id" value="5000" />
            <param name="header_id" value="5100" />
            <param name="header" value="$INFO[Weather.Conditions]" />
            <param name="content" value="Items_Weather_Screenshots" />
        </include>

    </controls>

</window>
