<?xml version="1.0" encoding="UTF-8"?>
<includes>
    <include name="View_Furniture_List_Bottom">
        <include content="Object_Control" condition="$EXP[Exp_View_501_Include] | $EXP[Exp_View_511_Include] | $EXP[Exp_View_507_Include] | $EXP[Exp_View_517_Include]">
            <param name="control" value="group" />
            <visible>$EXP[Exp_ListViews]</visible>
            <include content="View_Row_Divider">
                <param name="isrounded" value="true" />
                <height>720</height>
            </include>
            <include condition="$EXP[Exp_View_501_Include]">View_501_Square_List</include>
            <include condition="$EXP[Exp_View_507_Include]">View_507_Square_Infolist</include>
            <include condition="$EXP[Exp_View_511_Include]">View_511_Landscape_List</include>
            <include condition="$EXP[Exp_View_517_Include]">View_517_Landscape_Infolist</include>
            <control type="group">
                <width>view_pad</width>
                <height>row_height_x600</height>
                <bottom>view_top</bottom>
                <control type="scrollbar" id="61">
                    <onright>50</onright>
                    <orientation>vertical</orientation>
                    <width>8</width>
                    <centerleft>50%</centerleft>
                    <include content="Object_Include" condition="!Skin.String(DividerStyle,Fade)">
                        <texturesliderbackground colordiffuse="00ffffff" border="4">scrollbar/scrollv_line.png</texturesliderbackground>
                    </include>
                    <texturesliderbackground colordiffuse="main_fg_12" border="4">scrollbar/scrollv_line.png</texturesliderbackground>
                    <texturesliderbar colordiffuse="00ffffff" border="4">scrollbar/scrollv_line.png</texturesliderbar>
                    <include>Texture_Scrollbar_V</include>
                    <visible allowhiddenfocus="true">Control.HasFocus(61)</visible>
                </control>
            </control>
        </include>
    </include>


    <include name="View_List_Template">
        <param name="height" default="row_height_x600" />
        <param name="include" default="List_MediaList" />
        <param name="flipside" default="false" />
        <param name="isviewtype" default="true" />
        <definition>
            <control type="group">
                <visible>Control.IsVisible($PARAM[id])</visible>
                <include>Dimension_View</include>
                <include content="Object_BigPoster">
                    <param name="icon" value="$PARAM[icon]" />
                    <param name="diffuse" value="$PARAM[diffuse]" />
                    <bottom>0</bottom>
                    <include content="Object_Include" condition="$PARAM[flipside]">
                        <right>0</right>
                    </include>
                    <include content="Object_Include" condition="!$PARAM[flipside]">
                        <left>0</left>
                    </include>
                    <width>$PARAM[width]</width>
                    <height>$PARAM[height]</height>
                </include>
                <control type="group">
                    <include content="Object_Include" condition="$PARAM[flipside]">
                        <right>$PARAM[width]</right>
                    </include>
                    <include content="Object_Include" condition="!$PARAM[flipside]">
                        <left>$PARAM[width]</left>
                    </include>
                    <height>$PARAM[height]</height>
                    <bottom>0</bottom>
                    <include content="Object_GlassPanel">
                        <include content="Object_Include" condition="$PARAM[flipside]">
                            <right>row_height_x50</right>
                        </include>
                        <include content="Object_Include" condition="!$PARAM[flipside]">
                            <left>row_height_x50</left>
                        </include>
                        <include content="$PARAM[include]">
                            <param name="id" value="$PARAM[id]" />
                            <param name="context_button" value="true" />
                            <left>-row_height_x50</left>
                            <right>-row_height_x50</right>
                            <include content="Object_Include" condition="$PARAM[isviewtype]">
                                <visible>$EXP[Exp_View_Special]</visible>
                                <visible>$EXP[Exp_View_$PARAM[id]]</visible>
                            </include>
                            <viewtype label="$PARAM[viewtype_label]">list</viewtype>
                            <onleft>61</onleft>
                            <onright>menu</onright>
                            <pagecontrol>61</pagecontrol>
                            <onfocus>ClearProperty(TMDbHelper.WidgetContainer,Home)</onfocus>
                        </include>
                    </include>
                </control>
            </control>
        </definition>
    </include>

    <include name="View_501_Square_List">
        <include content="View_List_Template">
            <param name="id" value="501" />
            <param name="icon" value="$INFO[ListItem.Icon]" />
            <param name="width" value="row_height_x600" />
            <param name="viewtype_label" value="$LOCALIZE[31121]" />
            <param name="diffuse" value="diffuse/square_w480_h480.png" />
            <param name="flipside" value="true" />
        </include>
    </include>
    <include name="View_507_Square_Infolist">
        <include content="View_List_Template">
            <param name="id" value="507" />
            <param name="icon" value="$INFO[ListItem.Icon]" />
            <param name="width" value="row_height_x600" />
            <param name="include" value="List_Infolist" />
            <param name="viewtype_label" value="$LOCALIZE[31143]" />
            <param name="diffuse" value="diffuse/square_w480_h480.png" />
            <param name="flipside" value="true" />
        </include>
    </include>

    <include name="View_511_Landscape_List">
        <include content="View_List_Template">
            <param name="id" value="511" />
            <param name="icon" value="$VAR[Image_Landscape]" />
            <param name="width" value="853" />
            <param name="viewtype_label" value="$LOCALIZE[31122]" />
            <param name="diffuse" value="diffuse/landscape_w853_h480.png" />
            <param name="flipside" value="true" />
        </include>
    </include>
    <include name="View_517_Landscape_Infolist">
        <include content="View_List_Template">
            <param name="id" value="517" />
            <param name="icon" value="$VAR[Image_Landscape]" />
            <param name="width" value="853" />
            <param name="include" value="List_Infolist" />
            <param name="viewtype_label" value="$LOCALIZE[31144]" />
            <param name="diffuse" value="diffuse/landscape_w853_h480.png" />
            <param name="flipside" value="true" />
        </include>
    </include>
</includes>